{"i":1000,"val_loss_history":[1.7078256173567],"val_loss_history_it":[1000],"forward_backward_times":{},"opt":{"max_epochs":50,"checkpoint_every":1000,"batch_size":50,"memory_benchmark":0,"init_from":"","grad_clip":5,"model_type":"lstm","lr_decay_every":5,"print_every":1,"wordvec_size":64,"seq_length":50,"input_json":"data\/lyrics.json","num_layers":2,"input_h5":"data\/lyrics.h5","reset_iterations":1,"rnn_size":128,"dropout":0,"checkpoint_name":"cv\/checkpoint","batchnorm":0,"learning_rate":0.002,"speed_benchmark":0,"gpu_backend":"cuda","lr_decay_factor":0.5,"gpu":-1},"train_loss_history":[4.9085311889648,4.7793388366699,4.5866117477417,4.3385143280029,4.0718154907227,3.8497340679169,3.6390762329102,3.4595668315887,3.3262112140656,3.2578012943268,3.202823638916,3.1242673397064,3.1392805576324,3.1467773914337,3.1397044658661,3.1377346515656,3.0918493270874,3.1352555751801,3.1370639801025,3.1120064258575,3.1318526268005,3.1287944316864,3.1525437831879,3.1354205608368,3.1005549430847,3.1441009044647,3.1260461807251,3.1034827232361,3.1040346622467,3.1105608940125,3.1366770267487,3.1312649250031,3.1266157627106,3.1281652450562,3.1179463863373,3.1184949874878,3.1250052452087,3.0913031101227,3.0667605400085,3.0729086399078,3.0757977962494,3.0945761203766,3.0692706108093,3.0405461788177,3.0139813423157,3.0457592010498,3.0388419628143,3.0338807106018,3.0281610488892,3.0299108028412,3.0152418613434,3.0227906703949,3.0337314605713,2.9990246295929,3.023476600647,2.9613175392151,2.9264214038849,2.9734258651733,3.0159635543823,2.9656357765198,2.9975099563599,2.9781548976898,2.9974648952484,2.9156398773193,2.9549143314362,2.9546983242035,3.0013239383698,3.0431835651398,2.9156322479248,2.9180762767792,2.9436914920807,2.9080908298492,2.9024875164032,2.9011278152466,2.8947262763977,2.878250837326,2.8970320224762,2.7953588962555,2.855437040329,2.8332870006561,2.8851299285889,2.8630955219269,2.7768161296844,2.7927424907684,2.8312883377075,2.7959127426147,2.8516659736633,2.8173458576202,2.8207387924194,2.8475606441498,2.7750260829926,2.7689256668091,2.7828099727631,2.7291076183319,2.7667756080627,2.6790196895599,2.7101686000824,2.7118465900421,2.6710367202759,2.6900820732117,2.6786713600159,2.7118971347809,2.7086889743805,2.7023587226868,2.6338562965393,2.6373200416565,2.633713722229,2.647344827652,2.6747512817383,2.5935959815979,2.6019425392151,2.5415146350861,2.5277161598206,2.6112878322601,2.6033134460449,2.5724790096283,2.5411994457245,2.5306499004364,2.5680985450745,2.5808067321777,2.5245234966278,2.5282964706421,2.5680162906647,2.5312540531158,2.4863789081573,2.5119767189026,2.5140721797943,2.5127584934235,2.5097224712372,2.4496700763702,2.5034701824188,2.5093741416931,2.4559192657471,2.4756188392639,2.4202702045441,2.4403600692749,2.4608609676361,2.4714696407318,2.4554555416107,2.4706215858459,2.4596037864685,2.38747215271,2.4423019886017,2.4045836925507,2.4611463546753,2.429726600647,2.4172384738922,2.4006464481354,2.4089369773865,2.4235811233521,2.4685957431793,2.4599409103394,2.5081694126129,2.4387385845184,2.4050204753876,2.4106447696686,2.3627800941467,2.3835196495056,2.3451299667358,2.4282205104828,2.4144842624664,2.3782000541687,2.3634903430939,2.3450975418091,2.3333463668823,2.3041751384735,2.3780534267426,2.3930587768555,2.3592250347137,2.3011038303375,2.3838148117065,2.3413112163544,2.3092484474182,2.3220422267914,2.3013167381287,2.3307347297668,2.2469139099121,2.2816476821899,2.2870192527771,2.288889169693,2.2898149490356,2.2954630851746,2.2911112308502,2.2798295021057,2.2366051673889,2.2575550079346,2.2626242637634,2.2871873378754,2.3026940822601,2.3289349079132,2.2132775783539,2.2352333068848,2.2288661003113,2.2218585014343,2.3142619132996,2.2889335155487,2.2130680084229,2.2365384101868,2.269767999649,2.2678570747375,2.2763018608093,2.2229905128479,2.1850974559784,2.2716524600983,2.1990559101105,2.256639957428,2.2023584842682,2.2664811611176,2.214494228363,2.2073292732239,2.2445583343506,2.1660063266754,2.1981661319733,2.1881082057953,2.1954236030579,2.1904544830322,2.241189956665,2.1884799003601,2.2167584896088,2.1973645687103,2.1692197322845,2.2710256576538,2.2546954154968,2.2587630748749,2.2114078998566,2.1451904773712,2.1550531387329,2.1899793148041,2.187472820282,2.1617338657379,2.1344990730286,2.122739315033,2.1318781375885,2.1349844932556,2.1098763942719,2.1939907073975,2.1599514484406,2.1887395381927,2.1010339260101,2.1072595119476,2.1458964347839,2.0918316841125,2.1278254985809,2.0910229682922,2.1415588855743,2.1575243473053,2.12233710289,2.0861577987671,2.0998523235321,2.1402113437653,2.1717419624329,2.1477844715118,2.1393530368805,2.1346225738525,2.1000106334686,2.1764566898346,2.154825925827,2.1463241577148,2.1210720539093,2.1056175231934,2.1496741771698,2.068900346756,2.0886354446411,2.0969989299774,2.0725452899933,2.0737407207489,2.1076719760895,2.0835165977478,2.0707402229309,2.092257976532,2.1595220565796,2.0830636024475,2.0884823799133,2.1349303722382,2.1073031425476,2.1049602031708,2.102644443512,2.033127784729,2.1111536026001,2.0764975547791,2.0674655437469,2.0830292701721,2.0807414054871,2.0746169090271,2.03662109375,2.0626518726349,2.0283920764923,2.0452253818512,2.0690846443176,2.0794293880463,2.0299744606018,2.0088706016541,2.0403020381927,2.0158314704895,2.0447583198547,1.9832742214203,2.1024479866028,2.0543851852417,2.0436973571777,2.0420639514923,2.0070753097534,1.9855382442474,1.9860546588898,1.9599487781525,1.9919148683548,2.0281729698181,2.0162575244904,2.0811305046082,2.0207080841064,2.0408742427826,1.9933443069458,2.0440883636475,2.025981426239,2.0406205654144,1.9874169826508,1.987873673439,1.9562966823578,1.9899523258209,1.9932314157486,2.0284240245819,2.0036418437958,1.9761312007904,2.0213503837585,2.0783708095551,2.0179102420807,2.1193571090698,2.0044622421265,1.9583439826965,1.9836875200272,2.0080595016479,1.9771111011505,2.0343759059906,2.0087311267853,2.001455783844,1.9975271224976,1.9714773893356,1.9817794561386,1.9980177879333,1.9451007843018,2.0214698314667,1.9903573989868,1.9777324199677,1.9991917610168,1.9846488237381,2.0000848770142,2.0637438297272,2.0228133201599,1.9951000213623,1.9660365581512,1.9356392621994,1.9988347291946,1.928639292717,1.9099791049957,1.9008308649063,2.0073471069336,1.9306913614273,1.9118584394455,1.987633228302,1.8721758127213,1.9121181964874,1.963276386261,1.930011510849,1.9541472196579,1.9273607730865,1.9151929616928,1.9493416547775,1.9436267614365,1.964759349823,1.9139606952667,1.9217734336853,1.951122879982,1.9484304189682,1.9436105489731,1.9671342372894,1.9517583847046,1.9712394475937,1.9638751745224,1.9232519865036,1.942446231842,1.9944466352463,2.0292880535126,1.9097808599472,1.911015868187,1.9788693189621,1.9920645952225,2.0049147605896,1.9136253595352,1.9515377283096,1.9481060504913,1.9399591684341,1.9714642763138,1.9066494703293,1.9439330101013,1.9198958873749,1.9524917602539,1.8876234292984,1.9749336242676,1.8849813938141,1.874202132225,1.9587041139603,1.9623255729675,1.8887095451355,1.9335572719574,1.9080890417099,1.8897616863251,1.8854929208755,1.9030009508133,1.8658425807953,1.8788086175919,1.8248201608658,1.9012562036514,1.8320250511169,1.8843559026718,1.9184839725494,2.015923500061,1.9379338026047,1.9208800792694,1.8781968355179,1.9195693731308,1.9031006097794,1.9899287223816,1.8579320907593,1.9120988845825,1.9313281774521,1.9187699556351,1.9560441970825,1.9582467079163,1.9020929336548,1.8722261190414,1.9273238182068,1.8892296552658,1.9326306581497,1.8832610845566,1.8842375278473,1.9076988697052,1.9432822465897,1.9071800708771,1.8546845912933,1.862477183342,1.9907011985779,1.9026814699173,1.8863255977631,1.9711210727692,1.9399095773697,1.9133771657944,1.870094537735,1.8799105882645,1.9010379314423,1.8830902576447,1.8567953109741,1.9102945327759,1.95141685009,1.8837207555771,1.8395938873291,1.8596589565277,1.8927298784256,1.853759765625,1.8639839887619,1.7133142948151,1.8102877140045,1.7464189529419,1.8091368675232,1.8330080509186,1.8349105119705,1.8863724470139,